{
    "test_loss": 0.3231021761894226,
    "test_accuracy": 0.8725,
    "test_f1": 0.8247328352578444,
    "test_precision": 0.8141859614167327,
    "test_recall": 0.8385916998076093,
    "test_runtime": 6.3448,
    "test_samples_per_second": 315.219,
    "test_steps_per_second": 3.152
}