Epoch,Training Loss,Validation Loss,Accuracy,F1,Precision,Recall
1,0.893800,0.313347,0.904000,0.870545,0.899817,0.849073
2,0.234700,0.217239,0.921500,0.897768,0.900011,0.896050
